<?xml version="1.0" encoding="utf-8" ?>
<transferUrls>
  <item name="UseCaseController" url="TransferPage1.aspx" />
  <item name="CustomerList" url="TransferPage2.aspx?view=CustomerList" />
  <item name="CustomerDetails" url="TransferPage2.aspx?view=CustomerDetails" />
  <item name="CityList" url="TransferPage2.aspx?view=CityList" />
  <item name="SpecialCustomerList" url="TransferPage3.aspx?view=CustomerList" />
  <item name="SpecialCustomerDetails" url="TransferPage3.aspx?view=CustomerDetails" />
  <item name="SpecialCityList" url="TransferPage3.aspx?view=CityList" />
  <item name="Publish-Subscribe" url="TransferPage4.aspx" />
  <item name="Command-Observer" url="TransferPage5.aspx" />
</transferUrls>