﻿<Dictionary>
    <Words>
        <Deprecated>
            <!-- Words that should be flagged as obsolete. -->
        </Deprecated>
        <Recognized>
            <!-- Words that should not cause a violation. -->

            <!-- Model View Controller -->
            <Word>MVC</Word>

            <!-- Javascript Object Notation -->
            <Word>JSON</Word>
          
            <!-- A service that provides validation -->
            <Word>Validator</Word>
            <Word>Validators</Word>
        </Recognized>
        <Unrecognized>
            <!-- Words that should cause a violation. -->
        </Unrecognized>
    </Words>
    <Acronyms>
        <CasingExceptions>
            <!-- Exceptions to the acronym casing rules. Add a justification comment for each new string. -->

            <!--<Acronym>SSL</Acronym>-->
        </CasingExceptions>
    </Acronyms>
</Dictionary>
